Document Name,NCT,PubMed ID,Trial Name,Author,Year,Full Pub or Abstract,Phase,Original/Follow Up,Number of Arms Included,Treatment Arm(s),Control Arm,Class of Agent in Treatment Arm 1,Treatment Arm 1 Regimen,Total Participants - N,Treatment Arm - N,Control Arm - N,Median Follow-Up Duration (mo),Median On-Treatment Duration (mo) | Treatment,"Median On-Treatment Duration (mo) | Control ",Quality of Life reported,Quality of Life Scale,Reporting by prognostic groups - Y/N | Synchronous,Reporting by prognostic groups - Y/N | Metachronous,Reporting by prognostic groups - Y/N | High volume,Reporting by prognostic groups - Y/N | Low volume,Mode of metastases - N (%) | Synchronous | Treatment,Mode of metastases - N (%) | Synchronous | Control,Mode of metastases - N (%) | Metachronous | Treatment,Mode of metastases - N (%) | Metachronous | Control,Volume of disease - N (%) | High | Treatment,Volume of disease - N (%) | High | Control,"Trial ",Volume of disease - N (%) | Low | Control,Docetaxel administration - N (%) | Treatment,Docetaxel administration - N (%) | Control,Median Age (years) | Treatment,Median Age (years) | Control,Race - N (%) | White | Treatment,Race - N (%) | White | Control,Race - N (%) | Black or African American | Treatment,Race - N (%) | Black or African American | Control,Race - N (%) | Asian | Treatment,Race - N (%) | Asian | Control,Race - N (%) | Nat. Hawaiian or Pac. Islander | Treatment,Race - N (%) | Nat. Hawaiian or Pac. Islander | Control,Race - N (%) | Amer. Indian or Alaska Nat. | Treatment,Race - N (%) | Amer. Indian or Alaska Nat. | Control,Race - N (%) | Other | Treatment,Race - N (%) | Other | Control,Race - N (%) | Unknown | Treatment,Race - N (%) | Unknown | Control,Region - N (%) | North America | Treatment,Region - N (%) | North America | Control,Region - N (%) | South America | Treatment,Region - N (%) | South America | Control,Region - N (%) | Europe | Treatment,Region - N (%) | Europe | Control,Region - N (%) | Africa | Treatment,Region - N (%) | Africa | Control,Region - N (%) | Asia | Treatment,Region - N (%) | Asia | Control,Region - N (%) | Oceania | Treatment,Region - N (%) | Oceania | Control,PS - N (%) | 0 | Treatment,PS - N (%) | 0 | Control,PS - N (%) | 1-2 | Treatment,PS - N (%) | 1-2 | Control,Gleason score - N (%) | ≤ 7 | Treatment,Gleason score - N (%) | ≤ 7 | Control,Gleason score - N (%) | ≥ 8 | Treatment,Gleason score - N (%) | ≥ 8 | Control,Metastases - N (%) | Liver | Treatment,Metastases - N (%) | Liver | Control,Metastases - N (%) | Lungs | Treatment,Metastases - N (%) | Lungs | Control,Metastases - N (%) | Bone | Treatment,Metastases - N (%) | Bone | Control,Metastases - N (%) | Nodal | Treatment,Metastases - N (%) | Nodal | Control,Previous local therapy - N (%) | Prostatectomy | Treatment,Previous local therapy - N (%) | Prostatectomy | Control,Previous local therapy - N (%) | Orchiectomy | Treatment,Previous local therapy - N (%) | Orchiectomy | Control,Previous local therapy - N (%) | Radiotherapy | Treatment,Previous local therapy - N (%) | Radiotherapy | Control,Primary Endpoint(s),Secondary Endpoint(s),ORR - N (%) | Treatment | Overall,ORR - N (%) | Treatment | CR,ORR - N (%) | Treatment | SD,ORR - N (%) | Treatment | PD,ORR - N (%) | Control | Overall,ORR - N (%) | Control | CR,ORR - N (%) | Control | SD,ORR - N (%) | Control | PD,Adverse Events - N (%) | All-Cause Grade 3 or Higher | Treatment,Adverse Events - N (%) | All-Cause Grade 3 or Higher | Control,Adverse Events - N (%) | Treatment-related Grade 3 or Higher | Treatment,Adverse Events - N (%) | Treatment-related Grade 3 or Higher | Control,Adverse Events - N (%) | Treatment-related Grade 5 | Treatment,Adverse Events - N (%) | Treatment-related Grade 5 | Control,No. of Deaths - N | Treatment,No. of Deaths - N | Control,TTPSA (mo) | Treatment,TTPSA (mo) | Control,OS Rate (%) | Overall | Treatment,OS Rate (%) | Overall | Control,OS Rate (%) | Synchronous | Treatment,OS Rate (%) | Synchronous | Control,OS Rate (%) | Metachronous | Treatment,OS Rate (%) | Metachronous | Control,OS Rate (%) | High volume | Treatment,OS Rate (%) | High volume | Control,OS Rate (%) | Low volume | Treatment,OS Rate (%) | Low volume | Control,Median OS (mo) | Overall | Treatment,Median OS (mo) | Overall | Control,Median OS (mo) | High volume | Treatment,Median OS (mo) | High volume | Control,Median OS (mo) | Low volume | Treatment,Median OS (mo) | Low volume | Control,PFS Rate (%) | Overall | Treatment,PFS Rate (%) | Overall | Control,Median PFS (mo) | Overall | Treatment,Median PFS (mo) | Overall | Control,Median PFS (mo) | High volume | Treatment,Median PFS (mo) | High volume | Control,Median PFS (mo) | Low volume | Treatment,Median PFS (mo) | Low volume | Control,COE_RCT_IND_OVERALL_RJ,Add-on Treatment,Treatment Class,Type of Therapy
NCT02799602_Hussain_ARASENS_JCO'23.pdf,NCT02799602,36795843,ARASENS,Hussain M et al,2023,Full Pub,3,Follow up,2,DARO+D+ADT,D+ADT,NHT; Chemotherapy,"Darolutamide 600mg BID; Docetaxel 6 cycles at 75mg/m²/cycle, one cycle every 3 weeks; Standard androgen deprivation",1306,651,654,43.7; 42.4,41,16.7,NA,NA,Yes,Yes,No,No,"558 (85.7) ",566 (86.5),"86 (13.2) ",82 (12.5),"497 (76.3) ",508 (77.6),"154 (23.6) ",146 (22.3),"651 (100) ",654 (100),67,67,NA,NA,NA,NA,NA,NA,NA,NA,NA,NA,NA,NA,NA,NA,NA,NA,NA,NA,NA,NA,NA,NA,NA,NA,NA,NA,"466 (71.6) ",462 (70.6),"185 (28.4) ",190 (29.1),"110 (22.4) ",138 (21.1),"505 (77.6) ",516 (78.9),NA,NA,NA,NA,NA,NA,NA,NA,NA,NA,NA,NA,NA,NA,OS,"Time to CRPC; Time to pain progression; SSE-free survival; Time to first SSE; Time to subsequent systemic anti-neoplastic therapy; Time to worsening of disease related physical symptoms; Time to initiation of opioid use
for ≥7 consecutive days; Time to initiation of opioid use; Safety",NA,NA,NA,NA,NA,NA,NA,NA,458 (70.2),439 (67.5),NA,NA,28 (4.1),27 (4.0),229,304,NA,NA,62.7 at 4 y,50.4 at 4 y,63.1 at 4 y,52.1 at 4 y,74.4 at 4 y,63.4 at 4 y,59.1 at 4 y,47.2 at 4 y,83.1 at 4 y,75.3 at 4 y,43.7,42.4,NA,42.4,NA,NA,NA,NA,NA,49.9,NA,NA,NA,NA,V,Darolutamide + Docetaxel,ARPI; Chemotherapy,Triplet
NCT02799602_Smith_ARASENS_NEJM'22.pdf,NCT02799602,35179323,ARASENS,Smith M et al,2022,Full Pub,3,Original,2,DARO+D+ADT,D+ADT,NHT; Chemotherapy,"Darolutamide 600mg BID; Docetaxel 6 cycles at 75mg/m²/cycle, one cycle every 3 weeks; Standard androgen deprivation",1306,651,654,43.7; 42.4,41,16.7,NA,NA,Yes,Yes,No,No,"558 (85.7) ",566 (86.5),"86 (13.2) ",82 (12.5),NA,NA,NA,NA,"651 (100) ",654 (100),67,67,345 (53.0),333 (50.9),26 (4.0),28 (4.3),230 (35.3),245 (37.3),NA,NA,NA,NA,7 (1.1),2 (0.3),43 (6.6),46 (7.0),125 (19.2),119 (18.2),~99 (7.59),~97 (6.97),~99 (7.59),~97 (6.97),"0 (0) ","0 (0) ",~115 (17.7),~122 (18.7),~214 (16.4),~219 (16.4),"466 (71.6) ",462 (70.6),"185 (28.4) ",190 (29.1),"110 (22.4) ",138 (21.1),"505 (77.6) ",516 (78.9),NA,NA,NA,NA,NA,NA,NA,NA,NA,NA,NA,NA,NA,NA,OS,"Time to CRPC; Time to pain progression; SSE-free survival; Time to first SSE; Time to subsequent systemic anti-neoplastic therapy; Time to worsening of disease related physical symptoms; Time to initiation of opioid use
for ≥7 consecutive days; Time to initiation of opioid use; Safety",NA,NA,NA,NA,NA,NA,NA,NA,458 (70.2),439 (67.5),NA,NA,28 (4.1),27 (4.0),229,304,NA,NA,62.7 at 4 y,50.4 at 4 y,63.1 at 4 y,52.1 at 4 y,74.4 at 4 y,63.4 at 4 y,NA,NA,NA,NA,43.7,42.4,NA,NA,NA,NA,NA,NA,NA,49.9,NA,NA,NA,NA,V,Darolutamide + Docetaxel,ARPI; Chemotherapy,Triplet
NCT01957436_Fizazi_PEACE1_Lancet'22.pdf,NCT01957436,35405085,PEACE-1,Fizazi K et al,2022,Full Pub,3,Original,2,AAP+D+ADT,D+ADT,NHT; Chemotherapy,"Abiraterone acetate 1000mg OD + Prednisolone 5mg BID; Docetaxel 6 cycles at 75mg/m²/cycle, one cycle every 3 weeks; Standard androgen deprivation",1172,583,589,42.0,NA,NA,NA,NA,Yes,Yes,Yes,Yes,"583 (100) ",589 (100),0 (0),0 (0),"331 (57) ",336 (57),"252 (43) ",253 (43),"355 (61) ",355 (60),67,66,NA,NA,NA,NA,NA,NA,NA,NA,NA,NA,NA,NA,NA,NA,0 (0),0 (0),0 (0),0 (0),583 (100),589 (100),0 (0),0 (0),0 (0),0 (0),0 (0),0 (0),"412 (71) ",412 (70),"171 (29) ",177 (30),"145 (25) ",132 (23),"429 (75) ",441 (77),NA,NA,NA,NA,472 (81),475 (81),47 (8),52 (9),NA,NA,NA,NA,NA,NA,"OS, rPFS","Castration resistant free survival; Serious genitourinary event free survival; Prostate CSS; Time to next skeletal related event; PSA response; PSA at 8 months after initiation of SOC, Time to pain progression, Time to chemotherapy for CRPC; QoL; Safety; Change in BMD; Biomarkers; Outcomes for patients with NE differentiation.",NA,NA,NA,NA,NA,NA,NA,NA,217 (63),181 (52),NA,NA,7(2),3 (1),228,268,NA,NA,65.9 at 3.5 y,57.5 at 3.5 y,65.9 at 4.4 y,57.5 at 4.4 y,NA,NA,58.9 at 4.4 y,48.3 at 4.4 y,77.7 at 4.4 y,74.8 at 4.4 y,68.4,56.4,61.2,42,NA,NA,61.0 at 3.5 y,40.2 at 3.5 y,54,26,49.2,19.2,NA,32.4,V,Abiraterone acetate + Docetaxel,ARPI; Chemotherapy,Triplet
,NCT02489318,10.1016/j.ejca.2023.113290,TITAN,Merseburger AS et al,2023,Full Pub,3,Follow up,2,APA+ADT,ADT,NHT,Apalutamide 240 OD; standard androgen deprivation,1052,525,527,NA,NA,NA,Yes,BPI-SF,Yes,Yes,Yes,Yes,"411 (78.3) ",441 (83.7),"85 (16.2) ",59 (11.2),"325 (61.9) ",335 (63.6),"200 (38.1) ",192 (36.4),"58 (11) ",55 (10.4),69,68,354 (67.4),365 (69.3),10 (1.9),9 (1.7),119 (22.7),110 (20.9),NA,NA,6 (1.1),13 (2.5),24 (4.6),22 (4.2),11 (2.1),8 (1.5),NA,NA,NA,NA,NA,NA,NA,NA,NA,NA,NA,NA,"181 (99) ",176 (96),"197 (37.5) ",179 (34.0),"174 (33.1) ",169 (32),"351 (66.9) ",358 (67.9),NA,NA,NA,NA,289 (55.1),269 (51.0),NA,NA,NA,NA,NA,NA,NA,NA,"OS, rPFS",Time to cytotoxic chemotherapy; Time to pain progression,NA,NA,NA,NA,NA,NA,NA,NA,NA,NA,NA,NA,NA,NA,NA,NA,NA,NA,NA,NA,NA,NA,NA,NA,NA,NA,NA,NA,NA,NA,NA,39,NA,NA,NA,NA,NA,NA,NA,14.9,NA,30.5,V,Apalutamide,ARPI,ARPI-doublet
NCT02489318_Chi_TITAN_JCO'21.pdf,NCT02489318,10.1200/jco.2021.39.6_suppl.11,TITAN,Chi N et al,2021,Abstract,3,Follow up,2,APA+ADT,ADT,NHT,Apalutamide 240 OD; standard androgen deprivation,1052,525,527,44,39,20,Yes,FACT-P,Yes,"No ",No,No,NA,NA,NA,NA,NA,NA,NA,NA,"58 (11) ",55 (10.4),69,68,NA,NA,NA,NA,NA,NA,NA,NA,NA,NA,NA,NA,NA,NA,~87 (16.6),~87 (16.5),NA,NA,~87 (16.6),~87 (16.5),NA,NA,NA,NA,NA,NA,NA,NA,NA,NA,NA,NA,NA,NA,NA,NA,NA,NA,NA,NA,NA,NA,NA,NA,NA,NA,NA,NA,"OS, rPFS",Time to cytotoxic chemotherapy; Time to pain progression,NA,NA,NA,NA,NA,NA,NA,NA,NA,NA,NA,NA,NA,NA,NA,NA,NA,NA,65 at 4 y,52 at 4 y,NA,NA,NA,NA,NA,NA,NA,NA,NA,52.2,NA,NA,NA,NA,NA,NA,NA,NA,NA,NA,NA,NA,V,Apalutamide,ARPI,ARPI-doublet
,NCT02489318,10.1200/jco.2020.38.6_suppl.87,TITAN,Chi N et al,2020,Abstract,3,Follow up,2,APA+ADT,ADT,NHT,Apalutamide 240 OD; standard androgen deprivation,1052,525,527,NA,21.8 (low risk); 19.5 (high risk),20.3 (low risk); 14.7 (high risk),NA,NA,Yes,"No ",No,No,NA,NA,NA,NA,NA,NA,NA,NA,"58 (11) ",55 (10.4),69,68,NA,NA,NA,NA,NA,NA,NA,NA,NA,NA,NA,NA,NA,NA,NA,NA,NA,NA,NA,NA,NA,NA,NA,NA,NA,NA,NA,NA,NA,NA,NA,NA,NA,NA,NA,NA,NA,NA,NA,NA,NA,NA,NA,NA,NA,NA,NA,NA,"OS, rPFS",Time to cytotoxic chemotherapy; Time to pain progression,NA,NA,NA,NA,NA,NA,NA,NA,NA,NA,NA,NA,NA,NA,NA,NA,NA,NA,76 (high risk) and 90 (low risk) at 2 y,63 (high risk) and 85 (low risk) at 2 y,NA,NA,NA,NA,NA,NA,NA,NA,NA,52.2,NA,NA,NA,NA,NA,NA,NA,NA,NA,NA,NA,NA,V,Apalutamide,ARPI,ARPI-doublet
NCT02489318_Chi_TITAN_NEJM'19.pdf,NCT02489318,31150574,TITAN,Chi N et al,2019,Full Pub,3,Original,2,APA+ADT,ADT,NHT,Apalutamide 240 OD; standard androgen deprivation,1052,525,527,22.7,21,18,Yes,FACT-P,Yes,Yes,Yes,Yes,"411 (78.3) ",441 (83.7),"85 (16.2) ",59 (11.2),"325 (61.9) ",335 (63.6),"200 (38.1) ",192 (36.4),"58 (11) ",55 (10.4),69,68,NA,NA,NA,NA,NA,NA,NA,NA,NA,NA,NA,NA,NA,NA,~87 (16.6),~87 (16.5),NA,NA,~87 (16.6),~87 (16.5),NA,NA,NA,NA,NA,NA,"328 (62.5) ",348 (66),"197 (37.5) ",179 (34.0),"174 (33.1) ",169 (32),"351 (66.9) ",358 (67.9),NA,NA,NA,NA,NA,NA,NA,NA,47 (9),40 (7.6),33 (6.3),40 (7.6),68 (13),52 (9.9),"OS, rPFS",Time to cytotoxic chemotherapy; Time to pain progression,NA,NA,NA,NA,NA,NA,NA,NA,221 (42.2),215 (40.8),NA,NA,10 (1.9),16 (3.0),83,117,NA,13,82.4 at 2 y,73.5 at 2 y,82.7 at 1.9 y,77.1 at 1.9 y,91.8 at 1.9 y,81.4 at 1.9 y,78.8 at 1.9 y,71.0 at 1.9 y,93.0 at 1.9 y,89.6 at 1.9 y,NA,52.2,NA,NA,NA,NA,68.2 at 2 y,47.5 at 2 y,NA,22,NA,15,NA,31,V,Apalutamide,ARPI,ARPI-doublet
NCT02677896_Armstrong_ARCHES_JCO'22.pdf,NCT02677896,35420921,ARCHES,Armstrong A et al,2022,Full Pub,3,Follow up,2,E+ADT,ADT,NHT,Enzalutamide 160mg OD; Standard androgen deprivation,1150,574,576,44.6,40.2,13.8,NA,NA,Yes,Yes,Yes,Yes,"402 (70) ",365 (63.4),"83 (14.5) ",86 (14.9),"354 (61.7) ",373 (64.8),"220 (38.3) ",203 (35.2),"103 (17.9) ",102 (17.7),70,70,466 (81.2),460 (79.9),8 (1.4),8 (1.4),75 (13.1),80 (13.9),0 (0),0 (0),0 (0),0 (0),2 (0.3),3 (0.5),23 (4.0),25 (4.3),86 (15.0),77 (13.4),32 (5.6),30 (5.2),341 (59.4),344 (59.7),11 (1.9),12 (2.1),~52 (9.1),~57 (9.9),~52 (9.1),~57 (9.9),"448 (78) ",443 (76.9),"125 (21.8) ",133 (23.1),"171 (29.8) ",187 (32.5),"386 (67.2) ",373 (64.8),NA,NA,NA,NA,268 (46.7),245 (42.5),74 (12.9),80 (13.9),72 (12.5),89 (15.5),NA,NA,73 (12.7),72 (12.5),NA,OS,NA,NA,NA,NA,NA,NA,NA,NA,NA,NA,224 (39.2),160 (27.9),30 (5.2),12 (2.1),154,202,NA,17,73.2 at 4 y,64.9 at 4 y,NA,NA,NA,NA,66.4 at 3.7 y," 58.2 at 3.7 y",84.1 at 3.7 y,77.3 at 3.7 y,NA,NA,NA,45.9,NA,NA,NA,NA,49.8,38.9,NA,NA,NA,NA,V,Enzalutamide,ARPI,ARPI-doublet
,NCT02677896,31329516,ARCHES,Armstrong A et al,2019,Full Pub,3,Original,2,E+ADT,ADT,NHT,Enzalutamide 160mg OD; Standard androgen deprivation,1150,574,576,14.4,13,12,NA,NA,Yes,Yes,Yes,Yes,"402 (70) ",365 (63.4),"83 (14.5) ",86 (14.9),"354 (61.7) ",373 (64.8),"220 (38.3) ",203 (35.2),"103 (17.9) ",102 (17.7),70,70,467 (81.2),461 (79.9),8 (1.4),8 (1.4),75 (13.1),80 (13.9),0 (0),0 (0),0 (0),0 (0),3 (0.3),4 (0.5),24 (4.0),26 (4.3),86 (15.0),77 (13.4),32 (5.6),30 (5.2),341 (59.4),344 (59.7),11 (1.9),12 (2.1),~52 (9.1),~57 (9.9),~52 (9.1),~57 (9.9),"448 (78) ",443 (76.9),"125 (21.8) ",133 (23.1),"171 (29.8) ",187 (32.5),"386 (67.2) ",373 (64.8),NA,NA,NA,NA,"485 (84.5) ",486 (84.4),NA,NA,72 (12.5),89 (15.5),NA,NA,73 (12.7),72 (12.5),rPFS,Time to PSA progression; PSA response; Radiographic response; OS,147 (83.1),65 (36.7),17 (9.6),7 (4.0),116 (63.6),42 (23.1),43 (23.6),9 (4.9),139 (24.3),147 (25.6),NA,NA,14 (2.4),10 (1.7),39,45,NA,NA,NA,NA,NA,NA,NA,NA,NA,NA,NA,NA,NA,NA,NA,NA,NA,NA,NA,NA,NA,19,NA,NA,NA,NA,V,Enzalutamide,ARPI,ARPI-doublet
,NCT02446405,36990608,ENZAMET,Sweeney J et al,2023,Full Pub,3,Follow up,2,E+ADT,NSAA+ADT,NHT,Enzalutamide 160mg OD; Standard androgen deprivation,1125,563,562,68.0,NA,NA,NA,NA,Yes,Yes,Yes,Yes," 335 (59.5) ",348 (61.9),"228 (40.4) ",228 (38.1),"301 (53.5) ",301 (53.5),"262 (46.5) ",261 (46.4),"254 (45) ",249 (44),69,69,NA,NA,NA,NA,NA,NA,NA,NA,NA,NA,NA,NA,NA,NA,117 (20.8),129 (22.9),0 (0),0 (0),102 (18.1),93 (16.5),0 (0),0 (0),0 (0),0 (0),344 (61.1),340 (60.5),"404 (71.9) ",405 (72.1),"158 (28) ",157 (28),"152 (27) ",164 (29.2),"335 (59.5) ",320 (57),13 (2.3),11 (2),55 (9.8),48 (8.5),NA,NA,268 (47.6),259 (46.1),NA,NA,5 (1),8 (1),NA,NA,OS,Time to PSA progression; rPFS,NA,NA,NA,NA,NA,NA,NA,NA,NA,NA,NA,NA,NA,NA,208,268,NA,NA,67 at 5 y,57 at 5y,58.2 at 5 y,47.4 at 5 y,70.1 at 5 y,60.2 at 5 y,55 at 5 y,49 at 5 y,80 at 5 y,66 at 5 y,NA,NA,NA,NA,NA,NA,NA,NA,81,25,NA,NA,NA,NA,V,Enzalutamide,ARPI,ARPI-doublet
,NCT02446405,31157964,ENZAMET,Davis I et al,2019,Full Pub,3,Original,2,E+ADT,NSAA+ADT,NHT,Enzalutamide 160mg OD; Standard androgen deprivation,1125,563,562,34.0,NA,NA,NA,NA,Yes,Yes,Yes,Yes,"325 (57.7) ",327 (58.2),"238 (42.3) ",235 (41.8),"291 (52) ",297 (53),"272 (48) ",265 (47),"254 (45) ",249 (44),69,69,NA,NA,NA,NA,NA,NA,NA,NA,NA,NA,NA,NA,NA,NA,117 (20.8),129 (22.9),0 (0),0 (0),102 (18.1),93 (16.5),0 (0),0 (0),0 (0),0 (0),344 (61.1),340 (60.5),"405 (71.9) ",405 (72.1),"158 (28) ",157 (28),"152 (27) ",164 (29.2),"335 (59.5) ",320 (57),13 (2.3),11 (2),55 (9.8),48 (8.5),NA,NA,268 (47.6),259 (46.1),NA,NA,5 (1),8 (1),NA,NA,OS,Time to PSA progression; rPFS,NA,NA,NA,NA,NA,NA,NA,NA,321 (57),241 (43),NA,NA,6 (1),7 (1),102,143,NA,NA,80 at 3 y,72 at 3 y,80.6 at 2.8 y,71.3 at 2.8 y,83.6 at 2.8 y,79.1 at 2.8 y,72.5 at 2.8 y,67.3 at 2.8 y,91.9 at 2.8 y,82.6 at 2.8 y,NA,NA,NA,NA,NA,NA,68 at 3 y,41 at 3 y,NA,NA,NA,NA,NA,NA,V,Enzalutamide,ARPI,ARPI-doublet
NCT01715285_Fizazi_LATITUTE_Lancet Onc'19.pdf,NCT01715285,30987939,LATITUDE,Fizazi K et al,2019,Full Pub,3,Follow up,2,AAP+ADT,ADT,NHT,Abiraterone acetate 1000mg OD + Prednisolone 5mg BID; Standard androgen deprivation,1199,597,602,51.8,26,14,NA,NA,Yes,Yes,Yes,Yes,"597 (100) ",602 (100),0 (0),0 (0),"487 (81.6) ",468 (77.7),"110 (18.4) ",133 (22.1),"144 (24) ",212 (35),67,67,NA,NA,NA,NA,NA,NA,NA,NA,NA,NA,NA,NA,NA,NA,NA,NA,NA,NA,NA,NA,NA,NA,NA,NA,NA,NA,NA,NA,NA,NA,"13 (3) ",16 (3),"584 (98) ",586 (97),32 (5),30 (5),"73 (12) ",72 (12),580 (97),585 (98),283 (47),287 (48),NA,NA,73 (12),71 (12),19 (3),26 (4),"OS, rPFS",Time to pain progression; Time to initiation of chemotherapy; Subsequent therapy for prostate cancer;  PSA progression; Symptomatic skeletal-related events,NA,NA,NA,NA,NA,NA,NA,NA,411 (69),309 (51),24(4),11(2),3 (0.5),3 (<1),275,343,NA,NA,NA,NA,53.9 at 4.3 y,43.0 at 4.3 y,NA,NA,50.5 at 4.3 y,38.2  at 4.3 y,69.1 at 4.3 y,59.4 at 4.3 y,53.3,36.5,49.70,33.30,NA,NA,NA,NA,53.3,30.1,33.10,14.70,50,22,V,Abiraterone acetate,ARPI,ARPI-doublet
NCT01715285_Fizazi_LATITUTE_NEJM'17.pdf,NCT01715285,28578607,LATITUDE,Fizazi K et al,2017,Full Pub,3,Original,2,AAP+ADT,ADT,NHT,Abiraterone acetate 1000mg OD + Prednisolone 5mg BID; Standard androgen deprivation,1199,597,602,30.4,24,14,NA,NA,Yes,Yes,Yes,No,"597 (100) ",602 (100),0 (0),0 (0),NA,NA,NA,NA,"106 (34) ",187 (40),68,67,NA,NA,NA,NA,NA,NA,NA,NA,NA,NA,NA,NA,NA,NA,NA,NA,NA,NA,NA,NA,NA,NA,NA,NA,NA,NA,NA,NA,NA,NA,"4 (0.7) ",1 (0.2),"584 (98) ",586 (97),32 (5),30 (5),73 (12),72 (12),580 (97),585 (98),283 (47),287 (48),NA,NA,73 (12),71 (12),19 (3),26 (4),"OS, rPFS",Time to pain progression; Time to initiation of chemotherapy; Subsequent therapy for prostate cancer;  PSA progression; Symptomatic skeletal-related events,NA,NA,NA,NA,NA,NA,NA,NA,374(63),287 (48),NA,NA,28 (5),24 (4),169,237,33.2,7.4,66 at 3 y,49 at 3 y,NA,NA,NA,NA,NA,NA,NA,NA,NA,34.7,NA,NA,NA,NA,NA,NA,33,14.8,NA,NA,NA,NA,V,Abiraterone acetate,ARPI,ARPI-doublet
NCT00268476_Hoyle_SUBG_STAMPEDE_EU'19.pdf,NCT00268476,31447077,STAMPEDE,Alex P Hoyle,2019,Full Pub,3,Follow up,2,AAP+ADT,ADT,NHT,Abiraterone acetate 1000mg OD + Prednisolone 5mg BID; Standard androgen deprivation,901,414,452,42,NA,NA,NA,NA,Yes,"No ",Yes,Yes,NA,NA,NA,NA,"256 (56.6) ",243 (54.1),"196 (43.3) ",206 (45.9),"593 (100) ",0 (0),66,67,NA,NA,NA,NA,NA,NA,NA,NA,NA,NA,NA,NA,NA,NA,0 (0),0 (0),0 (0),0 (0),414 (100),452 (100),0 (0),0 (0),0 (0),0 (0),0 (0),0 (0),"335 (74) "," 337 (74)","114 (25) ",115 (25),"104 (23) ",110 (24),"345 (76) ",342 (75),NA,NA,NA,NA,296 (66.8),294 (65),55 (12),47 (10.5),NA,NA,NA,NA,NA,NA,OS,FFS,NA,NA,NA,NA,NA,NA,NA,NA,NA,NA,NA,NA,NA,NA,135,195,NA,NA,NA,NA,69.6 at 3.5 y,55.5 at 3.5 y,NA,NA,60.5 at 3.5 y,44.5 at 3.5 y,81.1 at 3.5 y,73.0 at 3.5 y,NA,NA,NA,NA,NA,NA,NA,NA,NA,NA,NA,NA,NA,NA,V,Abiraterone acetate,ARPI,ARPI-doublet
NCT00268476_James_STAMPEDE_NEJM'17.pdf,NCT00268476,28578639,STAMPEDE,James N et al,2017,Full Pub,3,Original,2,AAP+ADT,ADT,NHT,Abiraterone acetate 1000mg OD + Prednisolone 5mg BID; Standard androgen deprivation,1917,960,957,40,33.2,NA,NA,NA,Yes,Yes,No,No," 500 (52.1) ",502 (52.5),"460 (47.9) ",455 (47.5),NA,NA,NA,NA,NA,NA,67,67,NA,NA,NA,NA,NA,NA,NA,NA,NA,NA,NA,NA,NA,NA,0 (0),0 (0),0 (0),0 (0),960 (100),957 (100),0 (0),0 (0),0 (0),0 (0),0 (0),0 (0),"745 (78) ",744 (78),"215 (22) ",213 (22),"221 (23) ",223 (23),"715 (74) ",721 (75),7 (1),8 (1),21 (2),21 (2),448 (47),434 (45),142 (15),150 (16),NA,NA,3 (<1),5 (1),NA,NA,OS,FFS,NA,NA,NA,NA,NA,NA,NA,NA,443 (47),315 (33),NA,NA,9 (0.9),3 (0.3),184,262,NA,NA,83 at 3 y,76 at 3 y,70.0 at 3 y,56.6 at 3 y,92.6 at 3 y,90.3 at 3 y,NA,NA,NA,NA,NA,NA,49.70,33.30,NA,NA,NA,NA,NA,NA,33.10,14.70,NA,NA,V,Abiraterone acetate,ARPI,ARPI-doublet
NCT00268476_Clarke_SUBG_STAMPEDE_Ann Onc'18.pdf,NCT00268476,31560068,STAMPEDE,Clarke NW et al,2019,Full Pub,3,Follow up,2,D+ADT,ADT,Chemotherapy,"Docetaxel 6 cycles at 75mg/m²/cycle, one cycle every 3 weeks; Standard androgen deprivation",1086,362,724,78.2,NA,NA,NA,NA,Yes,Yes,Yes,Yes,"345 (95) ",688 (95),"17 (5) ",54 (5),"148 (41) ",320 (44),124 (34),238 (34),"362 (100) ",0(0),65,65,NA,NA,NA,NA,NA,NA,NA,NA,NA,NA,NA,NA,NA,NA,0 (0),0 (0),0 (0),0 (0),362 (100),724 (100),0 (0),0 (0),0 (0),0 (0),0 (0),0 (0),"270 (75) "," 521 (72)","92 (25) ",203 (28),"65 (18) ",158 (22)," 253 (70) ",480 (66),6 (2),15 (2),13 (4),33 (5),307 (85),634 (88),102 (28),221 (31),NA,NA,NA,NA,NA,NA,OS,"FFS, PFS, mPFS, PCSS",NA,NA,NA,NA,NA,NA,NA,NA,NA,NA,NA,NA,NA,NA,225,494,NA,NA,49 at 5 y,37 at 5 y,NA,NA,NA,NA,33.8 at 5 y,24.1  at 5 y,71.8  at 5 y,57.1 at 5 y,59.1,43.1,NA,NA,93.2,76.7,37 at 5 y,25 at 5 y,NA,NA,NA,NA,NA,NA,V,Docetaxel,Chemotherapy,Chemo-doublet
NCT00268476_Sydes_STAMPEDE_Ann Onc'18.pdf,NCT00268476,29529169,STAMPEDE,Sydes MR et al,2018,Full Pub,3,Follow up,2,AAP+ADT,D+ADT,NHT,Abiraterone acetate 1000mg OD + Prednisolone 5mg BID; Standard androgen deprivation,566,377,189,48,78.2,78.2,NA,NA,Yes,Yes,No,No,"227 (60) ",115 (61),"150 (40) ",74 (39),NA,NA,NA,NA,"0 (0) ",189 (100),65,65,NA,NA,NA,NA,NA,NA,NA,NA,NA,NA,NA,NA,NA,NA,0 (0),0 (0),0 (0),0 (0),377 (100),189 (100),0 (0),0 (0),0 (0),0 (0),0 (0),0 (0),"300 (80) ",149 (79),"77 (20) ",40 (21),"91 (25) ",35 (19),"276 (75)  ",153 (81),NA,NA,NA,NA,NA,NA,NA,NA,NA,NA,NA,NA,NA,NA,OS,FFS,NA,NA,NA,NA,NA,NA,NA,NA,"180 (48) ",86 (50),NA,NA,NA,NA,105,44,NA,NA,72 at 4 y,76.7 at 4 y,60.8 at 4 y,67.0 at 4 y,89.3 at 4 y,91.9 at 4 y,NA,NA,NA,NA,NA,NA,NA,NA,NA,NA,72.6 at 4 y,61.9 at 4 y,NA,NA,NA,NA,NA,NA,V,Docetaxel,ARPI,ARPI-doublet
NCT00268476_James_STAMPEDE_Lancet'16.pdf,NCT00268476,26719232,STAMPEDE,James N et al,2016,Full Pub,3,Original,2,D+ADT,ADT,Chemotherapy,"Docetaxel 6 cycles at 75mg/m²/cycle, one cycle every 3 weeks; Standard androgen deprivation",2962,592,1184,43,11,24,NA,NA,Yes,Yes,No,No,366 (62),362 (61),"227 (38) ",230 (39),NA,NA,NA,NA,"593 (100) ",0 (0),65,65,NA,NA,NA,NA,NA,NA,NA,NA,NA,NA,NA,NA,NA,NA,0 (0),0 (0),0 (0),0 (0),592 (100),1184 (100),0 (0),0 (0),0 (0),0 (0),0 (0),0 (0),NA,NA,NA,NA,"110 (19) ",282 (24),"436 (74) ",810 (68),6 (1),15 (1),13 (2),33 (3),307 (52),634 (54),102 (17),220 (19),NA,NA,5 (0),2 (0),424 (72),844 (71),"OS, FFS",NA,NA,NA,NA,NA,NA,NA,NA,NA,288 (52),399 (32),NA,NA,5(0.4),4(0.7),175,415,NA,NA,NA,NA,NA,NA,NA,NA,NA,NA,NA,NA,81,71,49.70,33.30,NA,NA,NA,NA,NA,NA,33.10,14.70,NA,NA,V,Docetaxel,Chemotherapy,Chemo-doublet
NCT00268476_Attard_STAMPEDE_Lancet'23.pdf,NCT00268476,37142371,STAMPEDE,Attard E et al,2023,Full Pub,3,Follow up,2,E+AAP+ADT,ADT,NHT,Enzalutamide 160mg OD; Abiraterone acetate 1000mg OD + Prednisolone 5mg BID; Standard androgen deprivation,916,462,454,72.0,NA,NA,NA,NA,No,"No ",Yes,Yes,NA,NA,NA,NA,"196 (42) ",209 (46),"195 (42) ",162 (36),"41 (9) ",39 (9),68,68,NA,NA,NA,NA,NA,NA,NA,NA,NA,NA,NA,NA,NA,NA,0 (0),0 (0),0 (0),0 (0),462 (100),454 (100),0 (0),0 (0),0 (0),0 (0),0 (0),0 (0),"325 (70) ",315 (69)," 137 (30) ",139 (31),"79 (17) ",92 (20),"369 (79.8) ",345 (75.9),NA,NA,NA,NA,NA,NA,278 (60),278 (61),NA,NA,NA,NA,NA,NA,OS,NA,NA,NA,NA,NA,NA,NA,NA,NA,NA,NA,302 (68),204 (45),NA,NA,NA,NA,NA,NA,NA,NA,NA,NA,NA,NA,41 at ~5 y,27 at ~5 y,59 at ~5 y,43 at ~5 y,73.1,51.8,54.00,38.00,80,64,NA,NA,NA,NA,NA,NA,NA,NA,V,Abiraterone acetate,ARPI,Triplet
NCT00268476_James_STAMPEDE_IJC'22.pdf,NCT00268476,35411939,STAMPEDE,James N et al,2022,Full Pub,3,Follow up,2,AAP+ADT,ADT,NHT,Abiraterone acetate 1000mg OD + Prednisolone 5mg BID; Standard androgen deprivation,1003,501,502,73.3,29,NA,NA,NA,Yes,Yes,Yes,Yes,"466 (93) ",475 (95),"35 (7) ",27 (5),NA,NA,NA,NA,NA,NA,67,67,NA,NA,NA,NA,NA,NA,NA,NA,NA,NA,NA,NA,NA,NA,0 (0),0 (0),0 (0),0 (0),501 (100),502 (100),0 (0),0 (0),0 (0),0 (0),0 (0),0 (0),NA,NA,NA,NA,NA,NA,NA,NA,7 (1),8 (2),21 (4),21 (4),434 (87),448 (89),NA,NA,NA,NA,NA,NA,NA,NA,OS,NA,NA,NA,NA,NA,NA,NA,NA,NA,NA,NA,NA,NA,NA,NA,244,329,NA,NA,NA,NA,NA,NA,NA,NA,NA,NA,NA,NA,79,46.0,NA,NA,NA,NA,NA,NA,NA,NA,NA,NA,NA,NA,V,Abiraterone acetate,ARPI,ARPI-doublet
,NCT00268476,10.1016/j.annonc.2020.08.871,STAMPEDE,James N et al,2020,Abstract,3,Follow up,2,AAP+ADT,ADT,NHT,Abiraterone acetate 1000mg OD + Prednisolone 5mg BID; Standard androgen deprivation,1003,501,502,73.3,NA,NA,NA,NA,Yes,"No ",Yes,Yes,501 (100),502 (100),0 (0),0 (0),"243 (48.5) ",256 (51),206 (41.1),196 (39.0),NA,NA,67,67,NA,NA,NA,NA,NA,NA,NA,NA,NA,NA,NA,NA,NA,NA,0 (0),0 (0),0 (0),0 (0),501 (100),502 (100),0 (0),0 (0),0 (0),0 (0),0 (0),0 (0),NA,NA,NA,NA,NA,NA,NA,NA,7 (1),8 (2),21 (4),21 (4),434 (87),448 (89),NA,NA,NA,NA,NA,NA,NA,NA,OS,NA,NA,NA,NA,NA,NA,NA,NA,NA,NA,NA,NA,NA,NA,NA,244,329,NA,NA,NA,NA,NA,NA,NA,NA,NA,NA,NA,NA,79.2,45.6,NA,NA,NA,NA,NA,NA,70.8,41,NA,NA,NA,NA,V,Abiraterone acetate,ARPI,ARPI-doublet
NCT00309985_Kriayako_CHAARTED_JCO'18.pdf,NCT00309985,29384722,CHAARTED,Kyriakopoulos C et al,2018,Full Pub,3,Follow up,2,D+ADT,ADT,Chemotherapy,"Docetaxel 6 cycles at 75mg/m²/cycle, one cycle every 3 weeks; Standard androgen deprivation",790,397,393,53.7,NA,NA,NA,NA,Yes,Yes,Yes,Yes,289 (72.8),286 (72.8),"108 (27.2) ",106 (27.0),"263 (66.2) ",250 (63.6),"134 (33.8) ",143 (36.4),"397 (100) ",0 (0),64,63,NA,NA,NA,NA,NA,NA,NA,NA,NA,NA,NA,NA,NA,NA,397 (100),393 (100),0 (0),0 (0),0 (0),0 (0),0 (0),0 (0),0 (0),0 (0),0 (0),0 (0),"277 (69.8) ",272 (69.2),"120 (30.2) ",121 (30.8),"117 (30) ",104 (26),"241 (60.7) ",243 (61.8),NA,NA,NA,NA,NA,NA,NA,NA,NA,NA,NA,NA,NA,NA,OS,Time to CRPC,NA,NA,NA,NA,NA,NA,NA,NA,NA,NA,NA,NA,NA,NA,188,211,NA,NA,NA,NA,NA,NA,NA,NA,47.9,35.2,61.9,65.7,57.6,47.2,51,34,64,NA,NA,NA,30.3,19.8,27,13,43,44,V,Docetaxel,Chemotherapy,Chemo-doublet
NCT00309985_Sweeney_CHAARTED_NEJM'15,NCT00309985,26244877,CHAARTED,Sweeney J et al,2015,Full Pub,3,Original,2,D+ADT,ADT,Chemotherapy,"Docetaxel 6 cycles at 75mg/m²/cycle, one cycle every 3 weeks; Standard androgen deprivation",790,397,393,28.9,NA,NA,NA,NA,Yes,Yes,Yes,Yes,289 (72.8),286 (72.8),"108 (27.2) ",106 (27.0),"263 (66.2) ",250 (63.6),"134 (33.8) ",143 (36.4),"397 (100) ",0 (0),64,63,NA,NA,344 (86.6),330 (84.0),39 (9.8),37 (9.4),NA,NA,NA,NA,4 (1.0),6 (1.5),10 (2.5),20 (5.1),397 (100),393 (100),0 (0),0 (0),0 (0),0 (0),0 (0),0 (0),0 (0),0 (0),0 (0),0 (0),"277 (69.8) ",272 (69.2),"120 (30.2) ",121 (30.8),"117 (30) ",104 (26),"241 (60.7) ",243 (61.8),NA,NA,NA,NA,NA,NA,NA,NA,81 (20.4),73 (18.6),NA,NA,27 (6.8),33 (8.4),OS,PSA level; Time to castration-resistant prostate cancer; Time to clinical progression,NA,NA,NA,NA,NA,NA,NA,NA,NA,NA,NA,NA,1 (1),0 (0),101,136,NA,NA,NA,NA,NA,NA,NA,NA,NA,NA,NA,NA,57.6,44,49,32,NA,NA,NA,NA,33.0,20,NA,NA,NA,NA,V,Docetaxel,Chemotherapy,Chemo-doublet
NCT00104715_Gravis_GETUG_EU'15.pdf,NCT00104715,26610858,GETUG-AFU15,Gravis G et al,2015,Full Pub,3,Follow up,2,D+ADT,ADT,Chemotherapy,"Docetaxel 6 cycles at 75mg/m²/cycle, one cycle every 3 weeks; Standard androgen deprivation",385,192,193,83.9,62,49,NA,NA,Yes,Yes,Yes,Yes,128 (67),144 (75),"62 (32) ",46 (24),"92 (48) ",91 (47),"100 (52) ",102 (53),"192 (100) ",0 (0),63,64,NA,NA,NA,NA,NA,NA,NA,NA,NA,NA,NA,NA,NA,NA,0 (0),0 (0),0 (0),0 (0),192 (100),193 (100),0 (0),0 (0),0 (0),0 (0),0 (0),0 (0),"181 (99) ",176 (96),"2(1) ",7(4),"84 (45) ",78 (41),"103 (55) ",113 (59),NA,NA,NA,NA,82 (43),95 (49),NA,NA,NA,NA,NA,NA,NA,NA,OS,bPFS ; rPFS,NA,NA,NA,NA,NA,NA,NA,NA,NA,NA,NA,NA,NA,NA,115,127,NA,NA,NA,NA,NA,NA,NA,NA,NA,NA,NA,NA,62.1,49,40,35,NA,83,NA,NA,22.9,13,NA,NA,NA,NA,V,Docetaxel,Chemotherapy,Chemo-doublet
NCT00104715_Gravis_GETUG_Lancet Onc'13.pdf,NCT00104715,23306100,GETUG-AFU15,Gravis G et al,2013,Full Pub,3,Original,2,D+ADT,ADT,Chemotherapy,"Docetaxel 6 cycles at 75mg/m²/cycle, one cycle every 3 weeks; Standard androgen deprivation",385,192,193,50.0,20,15,Yes,EORTC QLQ-C 30,Yes,Yes,No,No,128 (67),144 (75),"62 (32) ",46 (24),NA,NA,NA,NA,"192 (100) ",0 (0),63,64,NA,NA,NA,NA,NA,NA,NA,NA,NA,NA,NA,NA,NA,NA,0 (0),0 (0),0 (0),0 (0),192 (100),193 (100),0 (0),0 (0),0 (0),0 (0),0 (0),0 (0),NA,NA,NA,NA,"84 (45) ",78 (41),"103 (55) ",113 (59),9 (5),3 (2),22 (11),22 (11),155 (81),156 (81),100 (52),108 (56),NA,NA,NA,NA,NA,NA,OS,cPFS; bPFS,NA,NA,NA,NA,NA,NA,NA,NA,NA,NA,179 (91.5),34 (18.3),4 (2.1),0 (0),88,88,NA,NA,64.2 at 3 y,62.9 at 3 y,NA,NA,NA,NA,NA,NA,NA,NA,58.9,54.2,NA,NA,NA,NA,NA,NA,22.9,13,NA,NA,NA,NA,V,Docetaxel,Chemotherapy,Chemo-doublet
NCT01809691_Aggarwal_SWOG1216_JCO'22.pdf,NCT01809691,35446628,SWOG1216,Agarawal N et al,2022,Full Pub,3,Original,2,TAK+ADT,NSAA+ADT,NHT,TAK 300 mg BD; Standard androgen deprivation,1279,638,641,58.8,NA,NA,NA,NA,No,"No ",No,No,NA,NA,NA,NA,NA,NA,NA,NA,NA,NA,67.6,68.1,539 (83.5),538 (83.9),64 (10.0),71 (11.1),NA,NA,NA,NA,NA,NA,35 (5.5),32 (4.9),NA,NA,638 (100),641 (100),0 (0),0 (0),583 (100),589 (100),0 (0),0 (0),0 (0),0 (0),0 (0),0 (0),NA,NA,NA,NA,"211 (32.9) ",207 (32.3),"372 (58.3) ",382 (59.8),30 (2.4),NA,NA,NA,952 (74.4),NA,NA,NA,315 (24.6),NA,5 (0.4),NA,NA,NA,OS,PFS; PSA at 7 mo; AE profile,NA,NA,NA,NA,NA,NA,NA,NA,NA,NA,273 (43.5),70 (11.1),2 (0.3),4 (0.6),251,274,NA,NA,59.7 at 5y,57.9 at 5y,NA,NA,NA,NA,NA,NA,NA,NA,81.1,70.2,NA,NA,NA,NA,NA,NA,47.6,23,NA,NA,NA,NA,V,TAK,ARPI,ARPI-doublet
,NCT00268476,34757812,STAMPEDE,Rush L et al,2020,Full Pub,3,Follow up,2,Rx1: D+ADT; Rx2:AAP+ADT,ADT,Chemotherapy,"Rx1: Docetaxel 6 cycles at 75mg/m²/cycle, one cycle every 3 weeks; Standard androgen deprivation; Rx2:Abiraterone acetate 1000mg OD + Prednisolone 5mg BID; Standard androgen deprivation",858,Rx1: 173; Rx2: 342,343,NA,Rx: NA; Rx2:23.2,NA,Yes,"EORTC QLQ-C 30, PR25",NA,NA,NA,NA,NA,NA,NA,NA,NA,NA,NA,NA,"Rx1: 173 (100); Rx2: 0(0)  ",0 (0),Rx: 66; Rx2:66,66,NA,NA,NA,NA,NA,NA,NA,NA,NA,NA,NA,NA,NA,NA,0 (0),0 (0),0 (0),0 (0),Rx1: 173 (100); Rx2: 342 (100),343 (100),0 (0),0 (0),0 (0),0 (0),0 (0),0 (0),"Rx1: 137 (79); Rx2: 277(81) ",273 (80),"Rx1: 36 (21); Rx2: 65(19) ",70 (20),"Rx1: 32 (18); Rx2: 83 (24) ",82 (24),"Rx1: 140 (81); Rx2: 252 (74)  ",253 (74),Rx1: 0 (0);Rx2: 4 (1),2 (1),Rx1: 4 (2);Rx2: 11 (3),11 (3),Rx1: 87 (50);Rx2: 177 (52),190 (55),NA,NA,NA,NA,NA,NA,NA,NA,Difference in global-QLQ-C30 Q29 scores,NA,NA,NA,NA,NA,NA,NA,NA,NA,NA,NA,NA,NA,NA,NA,NA,NA,NA,NA,NA,NA,NA,NA,NA,NA,NA,NA,NA,NA,NA,NA,NA,NA,NA,NA,NA,NA,NA,NA,NA,NA,NA,NA,V,Docetaxel,Chemotherapy,Chemo-doublet
,NCT00309985,10.1200/jco.2016.34.15_suppl.5004,CHAARTED,Miller P et al,2016,Abstract,3,Follow up,2,D+ADT,ADT,Chemotherapy,"Docetaxel 6 cycles at 75mg/m²/cycle, one cycle every 3 weeks; Standard androgen deprivation",790,397,393,NA,NA,NA,Yes,"FACT-P, FACT-Taxane, FACIT-Fatigue, BPI",NA,NA,NA,NA,NA,NA,NA,NA,NA,NA,NA,NA,NA,NA,NA,NA,NA,NA,NA,NA,NA,NA,NA,NA,NA,NA,NA,NA,NA,NA,397 (100),393 (100),0 (0),0 (0),0 (0),0 (0),0 (0),0 (0),0 (0),0 (0),0 (0),0 (0),NA,NA,NA,NA,NA,NA,NA,NA,NA,NA,NA,NA,NA,NA,NA,NA,NA,NA,NA,NA,NA,NA,NA,NA,NA,NA,NA,NA,NA,NA,NA,NA,NA,NA,NA,NA,NA,NA,NA,NA,NA,NA,NA,NA,NA,NA,NA,NA,NA,NA,NA,NA,NA,NA,NA,NA,NA,NA,NA,NA,NA,NA,NA,NA,NA,NA,V,Docetaxel,Chemotherapy,Chemo-doublet
,NCT00309985,29522362,CHAARTED,Morgan K et al.,2018,Full Pub,3,Follow up,2,D+ADT,ADT,Chemotherapy,"Docetaxel 6 cycles at 75mg/m²/cycle, one cycle every 3 weeks; Standard androgen deprivation",790,397,393,NA,NA,NA,Yes,"FACT-P, FACT-Taxane, FACIT-Fatigue",NA,NA,NA,NA,NA,NA,NA,NA,"263 (66.2) ",249 (63.5),"134 (33.8) ",143 (36.5),"397 (100) ",0 (0),64,63,NA,NA,NA,NA,NA,NA,NA,NA,NA,NA,NA,NA,NA,NA,397 (100),393 (100),0 (0),0 (0),0 (0),0 (0),0 (0),0 (0),0 (0),0 (0),0 (0),0 (0),"277 (69.8) ",272 (69.2),"120 (30.2) ",120 (30.6),NA,NA,NA,NA,NA,NA,NA,NA,NA,NA,NA,NA,81 (20.4),73 (18.6),NA,NA,27 (6.8),33 (8.4),FACT-P,NA,NA,NA,NA,NA,NA,NA,NA,NA,NA,NA,NA,NA,NA,NA,NA,NA,NA,NA,NA,NA,NA,NA,NA,NA,NA,NA,NA,NA,NA,NA,NA,NA,NA,NA,NA,NA,NA,NA,NA,NA,NA,NA,V,Docetaxel,Chemotherapy,Chemo-doublet
,NCT01715285,29326030,LATITUDE,Chi N et al,2018,Full Pub,3,Follow up,2,AAP+ADT,ADT,NHT,Abiraterone acetate 1000mg OD + Prednisolone 5mg BID; Standard androgen deprivation,1199,597,602,~30,NA,NA,Yes,"FACT-P, EORTC QLQ-C 30, BPI-SF, BFI",NA,NA,NA,NA,NA,NA,NA,NA,NA,NA,NA,NA,NA,NA,NA,NA,NA,NA,NA,NA,NA,NA,NA,NA,NA,NA,NA,NA,NA,NA,NA,NA,NA,NA,NA,NA,NA,NA,NA,NA,NA,NA,NA,NA,NA,NA,NA,NA,NA,NA,NA,NA,NA,NA,NA,NA,NA,NA,NA,NA,NA,NA,NA,NA,"OS, rPFS",NA,NA,NA,NA,NA,NA,NA,NA,NA,NA,NA,NA,NA,NA,NA,NA,NA,NA,NA,NA,NA,NA,NA,NA,NA,NA,NA,NA,NA,NA,NA,NA,NA,NA,NA,NA,NA,NA,NA,NA,NA,NA,NA,V,Abiraterone acetate,ARPI,ARPI-doublet
,NCT02446405,10.1093/annonc/mdz394.046,ENZAMET,Stockler R et al,2019,Abstract,3,Follow up,2,E+ADT,NSAA+ADT,NHT,Enzalutamide 160mg OD; Standard androgen deprivation,1125,563,562,NA,NA,NA,Yes,"EORTC QLQ-C 30, PR25",NA,NA,NA,NA,NA,NA,NA,NA,NA,NA,NA,NA,NA,NA,NA,NA,NA,NA,NA,NA,NA,NA,NA,NA,NA,NA,NA,NA,NA,NA,NA,NA,NA,NA,NA,NA,NA,NA,NA,NA,NA,NA,NA,NA,NA,NA,NA,NA,NA,NA,NA,NA,NA,NA,NA,NA,NA,NA,NA,NA,NA,NA,NA,NA,NA,NA,NA,NA,NA,NA,NA,NA,NA,NA,NA,NA,NA,NA,NA,NA,NA,NA,NA,NA,NA,NA,NA,NA,NA,NA,NA,NA,NA,NA,NA,NA,NA,NA,NA,NA,NA,NA,NA,NA,NA,NA,NA,NA,V,Enzalutamide,ARPI,ARPI-doublet
,NCT02489318,31578173,TITAN,Agarwal N et al,2019,Full Pub,3,Follow up,2,APA+ADT,ADT,NHT,Apalutamide 240 OD; standard androgen deprivation,1052,525,NA,~20,NA,NA,Yes,"FACT-P, EQ-5D-5L, BPI-SF, BFI",NA,NA,NA,NA,NA,NA,NA,NA,NA,NA,NA,NA,NA,NA,NA,NA,354 (67.4),365 (69.3),10 (1.9),9 (1.7),119 (22.7),110 (20.9),NA,NA,6 (1.1),13 (2.5),24 (4.6),22 (4.2),11 (2.1),8 (1.5),NA,NA,NA,NA,NA,NA,NA,NA,NA,NA,NA,NA,"328 (62.5) ",348 (66),"197 (37.5) ",179 (34.0),"174 (33.1) ",500 (94.9),"351 (66.9) ",358 (67.9),NA,NA,NA,NA,NA,NA,NA,NA,NA,NA,NA,NA,NA,NA,NA,NA,NA,NA,NA,NA,NA,NA,NA,NA,NA,NA,NA,NA,NA,NA,NA,NA,NA,NA,NA,NA,NA,NA,NA,NA,NA,NA,NA,NA,NA,NA,NA,NA,NA,NA,NA,NA,NA,NA,NA,NA,NA,NA,V,Apalutamide,ARPI,ARPI-doublet
,NCT02677896,32336645,ARCHES,Stenzal A et al,2020,Full Pub,3,Follow up,2,E+ADT,ADT,NHT,Enzalutamide 160mg OD; Standard androgen deprivation,1150,574,576,NA,NA,NA,Yes,"FACT-P, EQ-5D-5 L, BPI-SF, QLQ-PR25",NA,NA,NA,NA,NA,NA,NA,NA,NA,NA,NA,NA,NA,NA,NA,NA,NA,NA,NA,NA,NA,NA,NA,NA,NA,NA,NA,NA,NA,NA,NA,NA,NA,NA,NA,NA,NA,NA,NA,NA,NA,NA,NA,NA,NA,NA,NA,NA,NA,NA,NA,NA,NA,NA,NA,NA,NA,NA,NA,NA,NA,NA,NA,NA,NA,NA,NA,NA,NA,NA,NA,NA,NA,NA,NA,NA,NA,NA,NA,NA,NA,NA,NA,NA,NA,NA,NA,NA,NA,NA,NA,NA,NA,NA,NA,NA,NA,NA,NA,NA,NA,NA,NA,NA,NA,NA,NA,NA,V,Enzalutamide,ARPI,ARPI-doublet